model,feature_set,n_features,cv_macro_f1,cv_weighted_f1,holdout_macro_f1,f1_class_0,f1_class_1,f1_class_2,f1_class_3,f1_class_4,f1_drop_vs_full
Full (11 features),full,11,0.9943496016603065,0.9997475778932052,0.9845161290322582,1.0,1.0,0.9973890339425587,1.0,0.9743589743589743,0.0
Decoupled (7 features),decoupled,7,0.9267797105667329,0.9932136127382618,0.87900198342547,0.95,0.9970570924072985,0.9595687331536388,1.0,0.7272727272727273,0.06756989109357359
