Model,CV Macro F1,CV Weighted F1,F1 Normal,F1 Single failure,F1 Scan,F1 Brute-force,F1 Break-in
LightGBM,1.0,1.0,1.0,1.0,1.0,1.0,1.0
RandomForest,0.9943496016603065,0.9997475778932052,1.0,1.0,0.9973890339425587,1.0,0.9743589743589743
LogisticReg,0.9594145967198713,0.9792552711523888,1.0,0.9902719872940242,0.8296943231441049,0.9771066731612275,1.0
Baseline,0.15744812635490862,0.5110229024440471,0.0,0.7872406317745432,0.0,0.0,0.0
